"Transaction Hash","Status","Type","Method ","Block","Age","From","From_NameTag","To","To_NameTag","Amount","Value (USD)","Asset","Txn Fee"
"0x2eae14cddd61968bf97ddfcfe10834ed58f72efb42b17c60aa5c74ebca391029","Success","Tx","Transfer","19893473","61 days ago","0xd986D3823e74bc9Fd92a71e17CC9472c8d3269F9"," ","0x133CAEecA096cA54889db71956c7f75862Ead7A0"," ","0.000008","$0.03","Ethereum(ETH)","0.00008299"
"0xbb81d6a99d8c793fe7fea8d2a7f709f99f758dfc5bf7d23cb19cf7997000542d","Success","Tx","Transfer","19893405","61 days ago","0x4Cc62F72c83fC5A3B06E1f271Bb2ceAe9b918449"," ","0x133CAEecA096cA54889db71956c7f75862Ead7A0"," ","0.01","$34.29","Ethereum(ETH)","0.00008257"
"0x35ab696270fc420fe5fff1f35adb4450b4edaa9b59b2e48ea7c6123769597d67","Success","Tx","Transfer","19874119","64 days ago","0xd986D3823e74bc9Fd92a71e17CC9472c8d3269F9"," ","0x133CAEecA096cA54889db71956c7f75862Ead7A0"," ","0.002981","$10.22","Ethereum(ETH)","0.0002302"
"0x702a97c880a742184a93e6866eaef1a50559cf09fa91c47ab0b1b7fe7f2ffc3c","Success","Tx","Transfer","19279099","147 days ago","0xc2DdD2de31F8F29bc47D9F61c3fa40a5461d7A4A"," ","0x133CAEecA096cA54889db71956c7f75862Ead7A0"," ","0.016323","$55.97","Ethereum(ETH)","0.00077067"
"0x9f5725be604b53e12fd4319901cb572e8ff9d46255d01c5117fa2629f4b69a76","Success","Tx","Transfer","19179166","162 days ago","0xb5d85cbf7cb3ee0d56b3bb207d5fc4b82f43f511","Coinbase 5","0x133CAEecA096cA54889db71956c7f75862Ead7A0"," ","0.004117","$14.12","Ethereum(ETH)","0.00086937"
"0x9d5a6d05561c7e06bba50d237394c690bd2ef2a65b29638bdc4096a3b45826d5","Success","Tx","Transfer*","18997266","187 days ago","0xF31e2d57E374E7c5431f36108EE497D141EA56E6"," ","0x133CAEecA096cA54889db71956c7f75862Ead7A0"," ","0","$0.00","Ethereum(ETH)","0.00038723"
"0xf6177a2cead030eccfbfab78b8e838ea16e19d10311b41e50c8e4a6656aa6638","Success","Tx","Transfer*","18997242","187 days ago","0xF31e2d57E374E7c5431f36108EE497D141EA56E6"," ","0x133CAEecA096cA54889db71956c7f75862Ead7A0"," ","0","$0.00","Ethereum(ETH)","0.00038259"
"0xca3f2cd6b7bde287a3e226dbd259cb5ce5a4ec44c9e52708cd0d85f96b88ea6d","Success","Tx","Transfer*","18997233","187 days ago","0xF31e2d57E374E7c5431f36108EE497D141EA56E6"," ","0x133CAEecA096cA54889db71956c7f75862Ead7A0"," ","0","$0.00","Ethereum(ETH)","0.00034213"
"0x545c35e980a04113490f3ac35885872d21b1eb83c4b38bbfc58c17dc58e75b0c","Success","Tx","Transfer*","18494237","258 days ago","0x66217eEbDEe7D663125B7f04372bE91cc7e04fEe"," ","0x133CAEecA096cA54889db71956c7f75862Ead7A0"," ","0","$0.00","Ethereum(ETH)","0.00041844"
"0x4f43ef9a16846ca85684f187bfb15b81b2842e23ea78518b0e3b9340a53eca7a","Success","Tx","Transfer*","18439806","265 days ago","0x37315bf67CF2Aa97dB74e09A7eEcD32b999D3Fde"," ","0x133CAEecA096cA54889db71956c7f75862Ead7A0"," ","0","$0.00","Ethereum(ETH)","0.00032514"
"0xfc50cc040450320f79ec7a73c38ccad7dbe8bbdd601c91c9f646ce8e871e0935","Success","Tx","Transfer*","17970132","331 days ago","0xc3f13f7542F488063FAf03E248f1604B3D4Ea4c1"," ","0x133CAEecA096cA54889db71956c7f75862Ead7A0"," ","0","$0.00","Ethereum(ETH)","0.00045109"
"0xb5278924a802475c985ed6e3186bc833c47a963bc111449ff9ad42ba3350b296","Success","Tx","Transfer*","17957510","333 days ago","0xc3f13f7542F488063FAf03E248f1604B3D4Ea4c1"," ","0x133CAEecA096cA54889db71956c7f75862Ead7A0"," ","0","$0.00","Ethereum(ETH)","0.00054317"
"0xd4d5db556f0f5d190ac20be70adaa305d2d6eb634a7ed95bb9e685e8db8d5e20","Success","Tx","Transfer*","17889012","342 days ago","0x428Aa13678221B079860be6D8B57E26F74Ede18D"," ","0x133CAEecA096cA54889db71956c7f75862Ead7A0"," ","0","$0.00","Ethereum(ETH)","0.00032063"
"0xe01b89763e010a6e320c8955478446e6a5baa6cb3ebdbd0427b03bf8143064f7","Success","Tx","Transfer*","17878425","344 days ago","0x37f7b7cc653ccdeeac9ed88d5bfa57321fe8b2e4","mistergreek.eth","0x133CAEecA096cA54889db71956c7f75862Ead7A0"," ","0","$0.00","Ethereum(ETH)","0.00095341"
"0x375ba37a0efdba7000c165f7c439a8f305aa0bd6faa0fe3fcf6f91820b54a6fa","Success","Tx","Transfer*","17781258","357 days ago","0x8Fb0Ad5Ae08b099C07457F7cF2965eeD244b8B69"," ","0x133CAEecA096cA54889db71956c7f75862Ead7A0"," ","0","$0.00","Ethereum(ETH)","0.00042078"
"0xeb6f548ece5409712e4b48a03c15b60a5d45937867de88642a0c56c15659bb31","Success","Tx","Transfer*","17146633","447 days ago","0x8745BE2c582BCFC50ACF9d2C61CadEd65a4E3825"," ","0x133CAEecA096cA54889db71956c7f75862Ead7A0"," ","0","$0.00","Ethereum(ETH)","0.0009166"
"0x3929920567bc2a3bb23f46d8bd2152f8c6c39e2ab811ffa1e5c0c3e5be95db90","Success","Tx","Transfer*","17146613","447 days ago","0x8745BE2c582BCFC50ACF9d2C61CadEd65a4E3825"," ","0x133CAEecA096cA54889db71956c7f75862Ead7A0"," ","0","$0.00","Ethereum(ETH)","0.00087072"